<?xml version="1.0" encoding="UTF-8"?>
<configuration>

    <appender name="STDOUT" class="ch.qos.logback.core.ConsoleAppender">
        <encoder class="ch.qos.logback.classic.encoder.PatternLayoutEncoder">
            <!--Formatted output: %d for date, %thread for thread name, %-5level: level for 5 characters width from left. %msg: log message, %n is a newline -->
            <pattern>%d{yyyy-MM-dd HH:mm:ss.SSS} [%thread] %-5level %logger{50} - %msg%n</pattern>
        </encoder>
    </appender>

    <appender name="DB" class="ch.qos.logback.classic.db.DBAppender">
        <connectionSource class="ch.qos.logback.core.db.DataSourceConnectionSource">
            <dataSource class="com.alibaba.druid.pool.DruidDataSource">
                <!-- Attribute configuration in DruidDataSource -->
                <driverClassName>com.mysql.jdbc.Driver</driverClassName>
                <url>jdbc:mysql://database-1.cg2vn0m8owc4.us-east-1.rds.amazonaws.com:3306/dbname</url>
                <username>admin</username>
                <password>55555555</password>
            </dataSource>
        </connectionSource>
    </appender>

    <logger name="com.littlefxc.examples.logback" level="debug"/>

    <root level="INFO">
        <appender-ref ref="STDOUT"/>
        <appender-ref ref="DB" />
    </root>
</configuration>